region_type,N_households,mean_total_peak_kW,median_total_peak_kW,min_total_peak_kW,max_total_peak_kW,std_total_peak_kW,p5_total_peak_kW,p95_total_peak_kW,mean_peak_per_household_kW,median_peak_per_household_kW,min_peak_per_household_kW,max_peak_per_household_kW,std_peak_per_household_kW,p5_peak_per_household_kW,p95_peak_per_household_kW,num_simulations
city,1,4.971443772071834,4.069203796872691,0.7547582500435565,16.606641570354746,2.898648274335945,1.7824881713521203,11.246875741358185,4.971443772071834,4.069203796872691,0.7547582500435565,16.606641570354746,2.898648274335945,1.7824881713521203,11.246875741358185,2000
city,2,9.999322514265122,9.127276144961456,1.9494023747334035,28.26634830436484,3.9610260637811,5.013484382795242,17.509936891116034,4.999661257132561,4.563638072480728,0.9747011873667017,14.13317415218242,1.98051303189055,2.506742191397621,8.754968445558017,2000
city,3,15.017348610704682,14.16152518214215,4.175434472886062,38.57397975516458,5.0017332768598255,8.327959131165812,24.142760508418455,5.005782870234893,4.720508394047383,1.3918114909620207,12.857993251721526,1.6672444256199417,2.775986377055271,8.047586836139486,2000
city,4,20.37514068711475,19.48701441905027,8.746490181781361,48.930107634138324,6.206716221322287,12.17488815855155,32.030671091714396,5.093785171778688,4.871753604762567,2.1866225454453403,12.232526908534581,1.5516790553305717,3.0437220396378875,8.007667772928599,2000
city,5,24.779460497972693,24.03458207971714,11.326330595166402,55.68169385780856,6.321718014604054,15.959744434910302,36.606660230964856,4.955892099594539,4.806916415943428,2.2652661190332806,11.136338771561713,1.2643436029208108,3.1919488869820607,7.321332046192971,2000
city,6,30.23008500033868,29.62868126390648,14.74686350083623,60.168979112251385,6.973120814983285,19.9710251454776,43.03995871735669,5.038347500056447,4.9381135439844135,2.457810583472705,10.02816318537523,1.1621868024972142,3.3285041909129336,7.173326452892781,2000
city,7,34.96390732345688,34.45319893260807,15.715298220584618,69.13504389189266,7.553253603429716,23.803003320549564,48.0075808493454,4.994843903350984,4.921885561801153,2.24504260294066,9.876434841698952,1.0790362290613882,3.400429045792795,6.858225835620773,2000
city,8,39.79163177457584,39.29336065095685,20.663417618396203,71.78221268461807,8.070967799697339,27.510858556659713,53.99791812486371,4.97395397182198,4.911670081369606,2.5829272022995253,8.97277658557726,1.0088709749621674,3.438857319582464,6.749739765607964,2000
city,9,45.346090242609286,44.58454788722655,21.652689329750444,77.4795550276798,8.768763572115793,32.096314349656076,60.79036070647913,5.038454471401032,4.953838654136283,2.4058543699722716,8.608839447519976,0.9743070635684214,3.566257149961786,6.754484522942125,2000
city,10,50.68436776355087,50.086158709896395,26.66625049106692,87.13883484643712,9.309755888964714,36.291984837599024,66.83691447184611,5.068436776355085,5.00861587098964,2.666625049106692,8.713883484643713,0.9309755888964714,3.6291984837599025,6.683691447184611,2000
city,11,54.78733115672164,54.05571069957069,28.70520634329731,98.17516985045656,9.15460899242698,40.656042350611195,70.55833208241965,4.980666468792877,4.91415551814279,2.6095642130270282,8.925015440950595,0.8322371811297252,3.696003850055563,6.414393825674514,2000
city,12,60.18773145263733,59.41818705319272,32.65672678717792,98.07587996251172,9.697986533373578,45.74910579010988,78.12045684169196,5.015644287719777,4.9515155877660595,2.721393898931493,8.172989996875977,0.8081655444477982,3.812425482509157,6.510038070140997,2000
city,13,64.8414255550381,63.939806177544895,37.26957829402583,102.70150744817347,10.479493255181959,48.88268003992898,83.14026291099951,4.987801965772162,4.918446629041915,2.8668906380019865,7.900115957551805,0.8061148657832276,3.7602061569176137,6.395404839307654,2000
city,14,70.27907603555985,69.61083724276833,41.59269040040687,109.11089449279261,10.533006881824384,54.1049553434156,88.26169803321766,5.019934002539989,4.972202660197738,2.9709064571719197,7.793635320913758,0.7523576344160274,3.864639667386829,6.30440700237269,2000
city,15,74.9752340535053,74.30450806287587,46.31393096375246,116.5541945476258,11.173468709411791,57.7918120194459,93.77453352413397,4.998348936900355,4.953633870858391,3.0875953975834975,7.770279636508387,0.7448979139607861,3.85278746796306,6.2516355682755975,2000
city,16,80.20120395198913,79.63037412022722,50.71965595845387,123.97328055079586,11.25750110531681,62.8704680336418,99.23231152166899,5.0125752469993206,4.976898382514201,3.169978497403367,7.748330034424741,0.7035938190823007,3.9294042521026125,6.202019470104312,2000
city,17,85.50684169923224,84.87770068973296,53.485300109438434,130.0489339576309,11.6532594482961,67.2590138548484,105.81756336283972,5.0298142176018965,4.992805922925468,3.1461941240846136,7.649937291625347,0.6854858498997706,3.9564125796969654,6.2245625507552775,2000
city,18,90.04063941173578,89.04981541589754,55.25216418221626,134.94749663048367,12.238209332191465,71.37173701218774,112.23884792289408,5.002257745096433,4.947211967549864,3.0695646767897924,7.497083146137982,0.6799005184550814,3.965096500677096,6.2354915512718945,2000
city,19,95.29305236504526,94.37573535963115,59.54630518872449,144.6060822489661,12.455370502978958,75.54484252792282,116.75689045399972,5.0154238086865925,4.967143966296376,3.134016062564447,7.61084643415611,0.6555458159462609,3.9760443435748853,6.145099497578933,2000
city,20,99.87014302083739,99.15344896591984,63.79639302332891,144.27015516275665,12.544298192933175,80.7851490134286,121.86582680261444,4.993507151041869,4.957672448295992,3.1898196511664456,7.213507758137832,0.6272149096466587,4.039257450671429,6.093291340130722,2000
city,21,105.28035541126339,104.6062572789794,66.70918456030498,152.2043587154879,12.709859203210765,85.45419166778836,127.34431957610265,5.013350257679209,4.981250346618067,3.176627836204999,7.247826605499424,0.605231390629084,4.069247222275636,6.06401521790965,2000
city,22,110.62679132485148,109.89141938155723,75.3423464604971,156.68941550441107,13.102098768500746,90.24643366122818,132.88829679797135,5.028490514765976,4.9950645173435095,3.424652111840777,7.122246159291413,0.5955499440227612,4.102110620964917,6.040377127180516,2000
city,23,115.6288316428803,115.06216975899918,79.4795309791171,157.0499681993607,13.415352969800695,94.9609910840179,138.7864542856642,5.027340506212187,5.002703032999964,3.4556317817007436,6.828259486928727,0.583276216078291,4.128738742783387,6.034193664594096,2000
city,24,120.32826324495602,119.4456919165563,77.6539897453473,175.03955809691575,13.614557231539244,98.74618634570501,143.50834254299625,5.013677635206501,4.9769038298565125,3.2355829060561376,7.293314920704823,0.5672732179808019,4.1144244310710425,5.979514272624844,2000
city,25,125.26188096070642,124.61579135164638,84.64817423183834,172.5254875704139,14.049088184558148,103.17739929713308,150.04191758378124,5.010475238428256,4.984631654065855,3.3859269692735334,6.901019502816556,0.5619635273823259,4.127095971885324,6.00167670335125,2000
city,26,130.3256877485269,129.31089750476133,90.74926467863617,177.5211084933722,14.230298661152128,108.24150320309623,155.43567531345346,5.012526451866419,4.973496057875436,3.4903563337936987,6.827734942052777,0.5473191792750819,4.1631347385806245,5.978295204363595,2000
city,27,134.9045501528056,134.18733322931024,90.89899121391379,185.09680569834433,14.168216848357323,113.51076535548835,159.01066729248717,4.996464820474283,4.969901230715195,3.366629304219029,6.855437248086827,0.5247487721613823,4.204102420573642,5.889283973795821,2000
city,28,140.2039422127623,139.5124104969841,101.24280800636568,215.8198395670479,14.373317116860417,117.7749267031648,165.39449892904594,5.007283650455797,4.982586089178004,3.615814571655917,7.707851413108854,0.5133327541735864,4.206247382255886,5.9069463903230695,2000
city,29,145.1690864691009,144.68454218320068,96.4051537496487,195.83764079332602,14.720016041088652,121.80197085128174,170.1145153361882,5.0058305679000314,4.989122144248299,3.3243156465396106,6.753022096321587,0.5075867600375397,4.200067960389026,5.866017770213386,2000
city,30,150.3120260914505,149.91117684339724,97.82936951369118,213.10910802593298,14.758939796655085,127.7834686333743,175.45067263004967,5.010400869715016,4.997039228113241,3.260978983789706,7.103636934197766,0.4919646598885028,4.259448954445809,5.848355754334989,2000
city,31,155.556682167113,155.34310840718223,102.02466815655505,203.79406852047208,15.349185494852732,130.40389548595084,181.03303765199732,5.01795748926171,5.011068013134912,3.2911183276308082,6.574002210337809,0.49513501596299136,4.206577273740349,5.839775408128945,2000
city,32,159.9574162671274,159.1826677309272,113.22630012409226,212.9705720834349,15.482966655065892,135.3156315250874,186.65770096520347,4.998669258347731,4.974458366591475,3.538321878877883,6.65533037760734,0.48384270797080914,4.228613485158982,5.833053155162609,2000
city,33,165.5509033106584,164.89666745515626,116.7986916427214,232.1078881192301,15.735631009333366,140.26646016445622,193.07334272413303,5.0166940397169215,4.99686871076231,3.5393542922036785,7.033572367249397,0.4768373033131323,4.25049879286231,5.850707355276758,2000
city,34,169.89332855611516,169.51193665733126,122.50151040724279,229.81885462630177,15.679697356263794,144.15598435494775,196.52264132235064,4.996862604591622,4.985645195803861,3.602985600213023,6.75937807724417,0.4611675693018763,4.239881892792581,5.780077685951489,2000
city,35,175.3416157983208,174.90327437938203,120.55548392740029,240.99044211440864,16.55202218374746,149.5801787586827,202.92467485488513,5.009760451380594,4.997236410839487,3.4444423979257226,6.885441203268818,0.4729149195356418,4.27371939310522,5.797847852996718,2000
city,36,180.70857454702278,180.0215986347322,135.7676709063318,242.64741258842332,16.1975351967639,155.36264923611867,208.77533090537304,5.019682626306189,5.000599962075894,3.77132419184255,6.7402059052339816,0.44993153324344176,4.315629145447741,5.799314747371474,2000
city,37,184.8748515873669,184.05320338638072,141.39946366194778,243.2630548616414,16.29951836555682,159.1686590995948,213.36183491589864,4.996617610469376,4.974410902334614,3.8216071259985886,6.57467715842274,0.4405275233934276,4.3018556513404,5.7665360788080715,2000
city,38,190.71554003406627,190.25785726434424,133.68155498987025,255.31852958147832,16.50241669972715,164.93622723847872,219.26370218544324,5.018830000896481,5.006785717482742,3.5179356576281644,6.718908673196798,0.4342741236770302,4.3404270325915455,5.770097425932717,2000
city,39,194.9150731815419,194.32587146447406,143.24191560869758,271.84036893472677,17.423147656177694,166.6406997249652,224.14062358842222,4.997822389270305,4.982714652935232,3.6728696309922455,6.9702658701211995,0.446747375799428,4.272838454486287,5.74719547662621,2000
city,40,200.92841163851244,200.48134988133688,148.13497641796891,263.6956150871284,17.36042905077002,172.54354416538132,230.97695315751596,5.023210290962811,5.012033747033422,3.7033744104492228,6.5923903771782095,0.4340107262692504,4.313588604134532,5.774423828937899,2000
city,41,205.60952356160334,204.5997921680781,143.85174653293478,272.0571437890869,17.222567464811686,178.6478950088252,235.3109063480611,5.014866428331788,4.9902388333677585,3.5085791837301166,6.635540092416754,0.42006262109296794,4.357265731922566,5.739290398733198,2000
city,42,210.2119505426021,209.77702499663505,147.84551721264617,267.05341040418034,17.114472658016577,183.16509487892975,239.19011886321076,5.005046441490526,4.994691071348454,3.5201313622058614,6.358414533432866,0.4074874442384899,4.361073687593565,5.695002830076446,2000
city,43,215.15422640439297,214.39995765371992,165.560294857733,269.11137367541903,17.2993567188033,187.56356635215298,244.10004481451864,5.0035866605672785,4.986045526830695,3.8502394152961164,6.258404038963233,0.40231062136751855,4.361943403538441,5.67674522824462,2000
city,44,220.33006637435443,220.0305387093029,170.31294975865052,290.31084543460804,17.718577777432515,193.09784656380035,250.2673899642998,5.007501508508056,5.000694061575066,3.870748858151148,6.597973759877456,0.4026949494871026,4.388587421904553,5.68789522646136,2000
city,45,225.57432507360826,224.8519000759867,157.44660370815814,301.37337603287006,17.822860800137274,197.6031741409934,255.1398323429034,5.012762779413517,4.996708890577482,3.4988134157368473,6.697186134063779,0.39606357333638387,4.391181647577631,5.669774052064519,2000
city,46,230.77572374804558,229.850564418365,179.27838311548308,284.3808941230648,17.75560609514256,202.67866904710417,260.90518802827665,5.016863559740121,4.996751400399239,3.897356154684415,6.182193350501409,0.3859914368509253,4.406058022763134,5.671851913658188,2000
city,47,235.99094564516685,235.66279757410007,171.79008403082227,303.1063212632229,18.650014483291514,205.97239201108792,267.0616063082651,5.021083949897167,5.014102076044682,3.655108170868559,6.449070665174956,0.3968088187934365,4.382391319384849,5.682161836346066,2000
city,48,240.18597443708776,240.06497665436387,182.0573681085118,309.22602449669307,18.424547291342712,211.17824950907013,270.0087320125878,5.00387446743933,5.001353680299248,3.792861835593996,6.442208843681105,0.38384473523630647,4.399546864772295,5.625181916928913,2000
city,49,245.81190281267322,245.4267407897018,196.09600031330763,317.0673285401799,18.041882664246046,216.52423165348696,276.186744727154,5.0165694451565965,5.008708995708201,4.0019591900675024,6.4707618069424475,0.3682016870254295,4.418861870479326,5.636464178105184,2000
city,50,250.48350717132365,249.47796976050023,183.4645316794606,313.19113223091296,18.67335853362611,219.8911418626975,282.05315308779825,5.009670143426473,4.989559395210005,3.669290633589212,6.263822644618259,0.3734671706725222,4.39782283725395,5.641063061755966,2000
city,51,255.4290293177857,254.76466344269426,196.6263167784764,317.73438717796915,19.032545520849908,224.9925407568159,288.4502163393117,5.008412339564425,4.995385557699887,3.8554179760485567,6.230086023097434,0.3731871670754884,4.411618446212076,5.655886594888464,2000
city,52,261.0438103225268,260.4421238302675,201.45076697312567,331.78654238704337,19.287053957506735,229.43007696720804,293.50614609010665,5.020073275433208,5.008502381351299,3.8740532110216472,6.380510430520065,0.37090488379820646,4.412116864754001,5.644348963271282,2000
city,53,265.6473290333321,265.6865431135342,206.0470144323659,346.00948301700583,18.63376198550779,235.90048231107096,296.92183876266614,5.012213755345888,5.0129536436515885,3.8876795175918093,6.52848081164162,0.35158041482090174,4.450952496435302,5.602298844578606,2000
city,54,271.04589991825765,270.42557610986535,210.24375312292068,342.9013942084722,19.30952507569201,239.5411985090046,303.7035796956914,5.019368517004772,5.00788103907158,3.8934028356096424,6.3500258186754115,0.3575837976980002,4.435948120537122,5.624140364735027,2000
city,55,275.16517018772197,273.92656420477635,216.31118375215758,339.79645884744224,18.579644338294138,246.41089145318466,307.1618615183175,5.003003094322217,4.980482985541389,3.9329306136755924,6.1781174335898585,0.3378117152417116,4.480198026421539,5.584761118514864,2000
city,56,280.165436207555,279.7629642251311,212.86441956991655,346.8051256580392,19.250630565028956,248.51771832783146,311.89351772030193,5.002954217992053,4.995767218305912,3.8011503494627954,6.192948672464985,0.3437612600898028,4.437816398711276,5.569527102148248,2000
city,57,285.38465796383775,284.49430267416005,214.29115089354931,354.2366147559258,19.16677976401239,255.27900761730496,318.1378418723434,5.006748385330487,4.991128117090527,3.759493875325427,6.214677451858347,0.3362592941054805,4.478579081005351,5.581365646883218,2000
city,58,290.79608675170283,290.252155096694,231.6893999176728,353.9241504912325,19.564080987374172,259.89809295515306,323.6349915755661,5.013725633650049,5.004347501667139,3.9946448261667724,6.102140525710905,0.33731174116162366,4.481001602675053,5.579913647854588,2000
city,59,295.7068080988913,295.5773908823072,230.95792800301646,370.6843495402914,19.268011014409847,265.86307702793937,327.70237344267156,5.011979798286294,5.009786286140801,3.9145411525934994,6.282785585428668,0.3265764578713533,4.506153847931175,5.554277515977485,2000
city,60,300.4793955096144,300.38394993271584,241.10937115074069,374.18781465841414,19.797906419824777,268.8669087440551,333.5365430991765,5.007989925160239,5.006399165545265,4.0184895191790115,6.236463577640236,0.32996510699707965,4.48111514573425,5.558942384986276,2000
city,61,306.2402277876198,305.8502926158825,246.56673583678483,374.7421420126112,19.83474196173536,273.87189493883864,339.0277355502624,5.020331603075734,5.013939223211188,4.042077636668604,6.14331380348543,0.3251597042907436,4.489703195718667,5.55783173033217,2000
city,62,309.9180570624489,309.49975925810975,240.6836025105067,385.2600115942948,19.538978986909612,278.23409901212693,342.7358831154594,4.998678339716918,4.991931600937255,3.88199358887914,6.21387115474669,0.31514482236950986,4.487646758260112,5.527998114765474,2000
city,63,316.399794647452,316.0887527709192,258.1299059351264,385.87569245126076,19.566496597177487,284.028454718529,349.57017529913605,5.022218962657967,5.01728179001459,4.0973000942083555,6.125010991289853,0.3105793110663093,4.508388170135381,5.5487329412561275,2000
city,64,320.66854642020877,320.37818667240873,237.82581011408567,414.3462943939887,20.384279673033294,288.5879078433849,354.92779050325026,5.010446037815762,5.005909166756386,3.7160282830325886,6.474160849906074,0.3185043698911452,4.5091860600528895,5.545746726613285,2000
city,65,325.93313320305964,325.45615549793854,266.8344977343424,398.97494450623884,20.29493382478984,292.27513737949323,359.0093789266476,5.014355895431687,5.007017776891361,4.105146118989883,6.138076069326751,0.3122297511506129,4.496540575069127,5.523221214256117,2000
city,66,330.45788296232405,329.6475126563321,265.95351669797134,399.7351558770752,20.394906101400338,298.69208042842286,365.66130454281085,5.006937620641274,4.994659282671698,4.02959873784805,6.056593270864776,0.30901372880909606,4.525637582248831,5.540322796103195,2000
city,67,335.6154904898819,335.93778630153065,262.6367894655542,400.9718744320012,19.832571708964192,302.56905422744745,368.5065878852003,5.009186425222118,5.013996810470607,3.919952081575436,5.984654842268674,0.2960085329696148,4.515956033245485,5.500098326644781,2000
city,68,340.36281021734516,339.53886969052326,272.1014323666509,413.26315400017756,20.439888968560997,307.07440460491637,375.54299842175357,5.005335444372722,4.99321867191946,4.001491652450748,6.077399323532023,0.3005866024788382,4.515800067719359,5.522691153261082,2000
city,69,345.95370759580504,345.7165427633722,283.05928655217554,412.2688617409233,20.365733095967403,312.9509734468512,379.81478412371473,5.013821849214565,5.010384677730032,4.102308500756167,5.974911039723525,0.29515555211546957,4.535521354302191,5.504562088749489,2000
city,70,351.1263394206456,350.80176745068997,282.77347928847195,420.09377268966927,20.359608621546155,317.75401964411293,385.02186532802284,5.01609056315208,5.011453820724142,4.0396211326924565,6.001339609852418,0.2908515517363736,4.5393431377730415,5.500312361828898,2000
city,71,355.91720517295715,355.2106532191883,298.2392058320823,422.6293706291981,19.964458800752844,323.1285136220386,390.1841208982749,5.0129183827177055,5.002966946749131,4.20055219481806,5.952526346890114,0.28118956057398375,4.551105825662516,5.495550998567253,2000
city,72,360.86868733140346,360.41157767008843,300.03003441276746,449.5352180861968,20.957332929009024,326.9983271237885,396.1301461027928,5.012065101825048,5.005716356529007,4.167083811288437,6.243544695641622,0.2910740684584587,4.5416434322748405,5.5018075847610115,2000
city,73,365.7843460820068,364.7459332155079,306.86359152183275,440.59765025755803,20.78275138327523,331.6562876331337,400.1402811847963,5.010744466876804,4.996519633089149,4.203610842764832,6.035584250103534,0.2846952244284278,4.543236816892242,5.481373714860224,2000
city,74,371.2252523792187,370.29338044968506,312.1556545309007,439.65619326951816,21.596846787179075,337.44078142134964,408.9924848254462,5.016557464584037,5.00396460067142,4.218319655822982,5.941299909047543,0.2918492809078253,4.560010559747968,5.526925470614138,2000
city,75,374.86842330197396,374.5650128049331,312.2941615633925,442.83938047689986,20.67385515218252,340.2511859688394,409.42664060439097,4.998245644026319,4.994200170732441,4.163922154178566,5.904525073025331,0.2756514020291002,4.536682479584526,5.459021874725213,2000
city,76,381.31686108068726,381.27546534167215,313.7780147106521,460.58727283702416,21.427148253223027,346.75015681799107,418.5143114537523,5.017327119482727,5.016782438706213,4.128658088298054,6.060358853118739,0.2819361612266188,4.562502063394619,5.506767255970425,2000
city,77,386.2835987937027,385.9842268457262,310.3771256071201,465.0183572256869,20.62019150383736,352.1832748983308,420.5301006724795,5.016670114203931,5.012782166827613,4.03087176113143,6.03919944448944,0.26779469485503066,4.573808764913387,5.46142987886337,2000
city,78,390.70189542032455,390.4234211944065,330.06667676266716,470.903404698503,21.02947203769887,356.619965433563,425.7412011332643,5.008998659234931,5.005428476851366,4.2316240610598355,6.037223137160295,0.2696086158679342,4.572050838891833,5.4582205273495426,2000
city,79,396.826061095897,396.66318329690057,325.7306423248301,473.4188368912652,21.186815345699,362.75031776573195,431.4311839493063,5.023114697416418,5.021052953125324,4.123172687656077,5.992643504952724,0.2681875360215063,4.591776174249771,5.461154227206409,2000
city,80,401.27353902064846,401.29993249677386,341.4397223012382,486.00035508034523,21.446054910568,364.92853350899344,436.08066656221,5.015919237758106,5.016249156209673,4.267996528765478,6.075004438504315,0.2680756863821,4.561606668862418,5.451008332027626,2000
city,81,405.42047549821973,405.72909760790486,336.47106882164115,476.95894511065046,20.867071355747772,370.5098403208886,438.965943574365,5.005191055533577,5.0090012050358625,4.1539638126128535,5.888382038403092,0.25761816488577494,4.574195559517143,5.419332636720556,2000
city,82,410.63730817165566,410.4863862508522,324.73527601575296,480.77667132115926,21.17083700283984,375.8782356684968,445.41789474023483,5.007772050873849,5.005931539644539,3.960186292875036,5.8631301380629175,0.25818093905902245,4.5838809227865465,5.4319255456126205,2000
city,83,416.3705837036879,415.69107653118385,344.20821677294543,503.90965247994154,22.12645797563547,380.7802734394114,453.39143503877784,5.016513056670939,5.008326223267275,4.147086949071632,6.071200632288452,0.26658383103175265,4.587714137824234,5.462547410105757,2000
city,84,421.3423539871512,421.31533386219576,353.664943954602,492.7482924493895,21.72990539961974,385.19466217393204,457.38289478571534,5.015980404608943,5.015658736454712,4.2102969518405,5.8660511005879705,0.25868934999547305,4.585650740165858,5.445034461734706,2000
city,85,425.96408243834145,426.369710437236,355.6795814658229,503.3874295472122,21.851295551027096,388.25821731076394,461.66365642173355,5.011342146333429,5.01611424043807,4.184465664303799,5.922205053496614,0.25707406530620114,4.567743733067811,5.4313371343733365,2000
city,86,431.1492771720269,431.13121828411,360.53352485189254,522.9215660182234,22.121566939086424,395.42561116812095,469.3562342066556,5.013363688046826,5.013153700978023,4.192250288975495,6.0804833257932955,0.2572275225475165,4.597972222885128,5.457630630309948,2000
city,87,436.5768716416392,436.27659597740586,367.8226400727459,503.53380181337593,21.76262183584494,401.58775347444987,473.14710299267466,5.018124961398151,5.014673516981677,4.227846437617769,5.787744848429608,0.25014507857293033,4.615951189361493,5.438472448191663,2000
city,88,441.6815680715421,441.4899553863219,361.2477443868727,509.14728116494246,21.501308737966923,406.9171895845246,476.9172694938693,5.019108728085705,5.016931311208204,4.10508800439628,5.785764558692528,0.24433305384053322,4.624058972551416,5.419514426066696,2000
city,89,445.72244036957744,445.5042861307803,367.40857912349855,526.8637680917477,22.00156737736043,409.83330289064827,482.1247167561392,5.008117307523342,5.005666136300903,4.1281862822865,5.919817619008401,0.24720862221753293,4.604868571805037,5.417131648945384,2000
city,90,451.70580871187684,451.4165796131103,372.3935485934917,520.5233505463721,21.740971032487256,416.49754849424346,488.2104615512186,5.0189534301319645,5.0157397734790035,4.1377060954832405,5.7835927838485786,0.24156634480541397,4.627750538824928,5.424560683902429,2000
city,91,456.22617536365925,455.60551461364946,369.4116656570392,550.6832826530268,22.74040314376474,420.1949784729392,494.1263058189913,5.013474454545707,5.006654006743401,4.059468853374057,6.051464644538756,0.2498945400413708,4.6175272359663655,5.4299594046043,2000
city,92,460.3632335840332,460.2722784921003,396.4179399088666,533.2468442975874,22.01866272312272,424.2457770717164,497.3172655823882,5.003948191130796,5.002959548827177,4.308890651183332,5.796161351060732,0.2393332904687252,4.611367142083874,5.40562245198248,2000
city,93,466.4590587242199,466.97486772546523,392.04124541882015,558.0323848355454,22.00411850737018,429.7111578918488,501.43729532330383,5.015688803486236,5.021235136832959,4.2154972625679585,6.000348224038122,0.23660342481043206,4.620550084858589,5.391798874444127,2000
city,94,471.81380811493784,471.61418597017655,395.33682784329125,545.6683454262866,22.077884771205074,435.83898672811824,509.40956196475264,5.019295831009978,5.017172191172091,4.205710934503099,5.804982398151985,0.23487111458728802,4.636584965192748,5.419250659199496,2000
city,95,476.20346362517927,475.71053609886326,407.01532522199983,552.2320864286675,21.807354723485936,441.36855184891994,512.5744416851601,5.012668038159782,5.007479327356455,4.284371844442103,5.8129693308280785,0.22955110235248352,4.64598475630442,5.395520438791158,2000
city,96,480.8236106361351,480.41000919626003,405.1196801574217,557.7346096300258,22.392533014441508,444.6905509666923,518.9746146944317,5.008579277459741,5.004270929127708,4.219996668306476,5.809735516979436,0.23325555223376573,4.632193239236378,5.405985569733664,2000
city,97,486.26230374867026,485.82600792534515,420.7368143818423,568.0737629124496,22.426968175654498,450.6206460304808,524.7323523670649,5.01301344070794,5.0085155456221155,4.33749293177157,5.856430545489172,0.23120585748097425,4.645573670417328,5.409611880072833,2000
city,98,491.7322180218851,491.7923356557701,415.70828084748644,556.4387169862174,22.096627480909877,455.1353894708486,528.2990056159401,5.017675694100868,5.018289139344592,4.241921233137616,5.6779460916960955,0.22547579062152937,4.644238668069884,5.390806179754491,2000
city,99,495.6778005569357,495.4167607518193,423.768953917633,561.3961031676772,22.407641372420684,459.8803251200236,533.2343091709105,5.006846470272078,5.004209704563831,4.2804944840164945,5.670667708764416,0.22633981184263316,4.645255809293168,5.386205143140509,2000
city,100,501.4676642938213,501.72969814848716,426.6081519455273,573.3751000251889,22.140626888767947,463.8154591667599,537.1953929106296,5.0146766429382135,5.017296981484872,4.266081519455273,5.733751000251889,0.2214062688876795,4.6381545916675995,5.371953929106296,2000
city,101,505.9616481637772,505.9432032355111,431.0016178823579,574.3595833563544,21.962436261311595,469.9638779184523,542.262024200845,5.00952126894829,5.0093386458961495,4.2673427513104745,5.6867285480827166,0.21744986397338212,4.6531077021628935,5.368930932681634,2000
city,102,511.02453701638126,510.8185944906189,443.48556852173255,583.6709217862494,21.512286519767542,474.7346501831509,546.3096165496994,5.010044480552756,5.008025436182539,4.347897730605221,5.722263939080877,0.21090476980164258,4.654261276305401,5.35597663284019,2000
city,103,517.2115496642189,517.1326685943795,437.72320145172387,599.6189603797404,23.097181119078662,478.7879088419125,555.2734551066943,5.021471355963291,5.020705520333781,4.249739819919649,5.821543304657674,0.22424447688425886,4.648426299436045,5.391004418511595,2000
city,104,520.8431084327959,520.4531198495013,435.59600027472965,596.9725717861149,22.670715863473472,484.3797413561385,556.7902972504615,5.008106811853808,5.004356921629821,4.188423079564708,5.740120882558798,0.21798765253339875,4.657497513039793,5.353752858177514,2000
city,105,526.3721589323355,525.5555506962205,453.4924846385362,602.7784008754634,22.583444982905576,489.8505315599403,563.4547874565573,5.013068180307957,5.005290959011623,4.3189760441765355,5.740746675004413,0.21508042840862454,4.665243157713717,5.366236071014831,2000
city,106,531.2125802193104,530.4386041818568,462.3036067577449,628.6631492490942,22.308942664388457,495.07158464995405,567.2782330596194,5.011439436031231,5.004137775300536,4.361354780733443,5.9307844268782475,0.2104617232489477,4.670486647641076,5.3516814439586735,2000
city,107,535.7083901411615,535.50145410273,467.0649999729851,611.3839380900141,22.105304439187545,500.3377609438466,573.2652936251075,5.006620468608986,5.004686486941402,4.36509345769145,5.713868580280506,0.20659163027278077,4.676053840596697,5.357619566589789,2000
city,108,541.3143002420054,541.0024427788968,477.7835811463915,618.5813120807223,21.962023612373788,505.5168630424479,578.8511237975132,5.012169446685235,5.009281877582378,4.423922047651773,5.72760474148817,0.20335207048494247,4.6807116948374805,5.3597326277547515,2000
city,109,546.4870390380805,546.9194055007954,473.53022643116685,637.6909948013048,23.32965216879368,507.46631044342587,583.8262505891934,5.013642559982389,5.017609224777939,4.34431400395566,5.8503760990945395,0.21403350613572183,4.655654224251613,5.356204133845811,2000
city,110,551.0497733537494,550.6129261167584,461.63637969750397,653.3125577506303,22.804027621805208,512.8375471169651,588.6056396763556,5.009543394124994,5.005572055606895,4.1966943608864,5.939205070460275,0.20730934201641096,4.662159519245137,5.350960360694142,2000
city,111,556.9648646111888,557.3924942960671,479.1824931922162,641.050654561127,22.522506659371235,520.1282407917862,594.1512579945473,5.017701482983683,5.021554002667271,4.316959398128074,5.775231122172315,0.20290546539974086,4.685840007133209,5.352714035986913,2000
city,112,561.4893263802693,561.5887199684003,482.6213336076164,637.5149993657301,22.468216356639942,523.3755383228566,597.4647193938491,5.013297556966689,5.014184999717859,4.309119050068004,5.69209820862259,0.20060907461285665,4.672995877882649,5.334506423159367,2000
city,113,566.0921342897541,566.2518852477995,473.29354439492295,644.5739622460636,23.3342179708854,528.3957803339051,604.5198571240272,5.009664905219064,5.0110786305115,4.1884384459727695,5.704194356159855,0.20649750416712745,4.676068852512435,5.349733248885197,2000
city,114,571.9980639383139,572.4280353994665,495.6721784096584,650.0624342306661,22.709533938988287,534.2374867935994,609.0646738651425,5.017526876651877,5.021298556135671,4.348001564997003,5.702302054654965,0.19920643806130078,4.686293743803503,5.342672577764408,2000
city,115,577.3321849218287,576.7494988203916,506.28025103454,658.0637339688478,22.5779784829403,541.2988297242472,614.7676887698634,5.020279868885467,5.015213033220798,4.402436965517739,5.722293338859546,0.19633024767774174,4.7069463454282365,5.34580598930316,2000
city,116,581.7762154102286,581.8074185533537,505.646905538109,649.6246247347747,22.22527554250236,545.0582803246198,618.6718562299735,5.015312201812316,5.015581194425463,4.359025047742319,5.600212282196333,0.19159720295260652,4.698778278660515,5.333378070948047,2000
city,117,586.3109019800571,586.4401619780244,508.86479539633507,673.4545551755411,22.611147800171757,549.3826528575067,621.7822090407545,5.011204290427838,5.012309076735251,4.3492717555242315,5.75602183910719,0.19325767350574152,4.69557822955134,5.314377855049185,2000
city,118,590.7840215024618,590.873889074237,500.66563466527487,670.5561546718208,22.763423075012398,553.2754700464465,627.0908429288779,5.006644250020862,5.0074058396121774,4.242929107332838,5.682679276879837,0.19291036504247794,4.688775169885139,5.314329177363373,2000
city,119,596.5443908049617,595.9618979253587,514.3276836789619,676.9304837594112,23.30179591814068,558.7432845229096,635.0003654819687,5.012978073991275,5.00808317584335,4.322081375453461,5.68849146016312,0.1958134110768124,4.695321718679912,5.336137525058561,2000
city,120,600.705163992059,599.8442292102989,528.9663377390186,667.6454489142795,22.49272514432289,564.7674477837393,638.8950727650578,5.005876366600493,4.998701910085824,4.408052814491822,5.563712074285663,0.18743937620269074,4.706395398197827,5.324125606375481,2000
city,121,607.2414887208167,607.163367933123,534.6989075709026,676.6067137310798,22.90688124852223,568.3257591280176,645.3238117757597,5.018524700172038,5.017879073827464,4.418999236123162,5.5917910225709075,0.18931306816960522,4.696907100231551,5.3332546427748735,2000
city,122,610.3172444138605,609.9416256375396,538.8352273720127,692.6462053669849,22.71530454313067,573.8552512860887,648.1762071260666,5.002600364048035,4.999521521619177,4.416682191573875,5.677427912844139,0.18619102084533337,4.7037315679187595,5.312919730541529,2000
city,123,616.6929340481901,616.1795839029394,543.5022168739451,690.7919372423916,22.875542744600555,578.0736036040172,653.6703268061666,5.013763691448699,5.0095901130320275,4.418717210357277,5.616194611726761,0.18598002231382565,4.699785395154612,5.314392900863143,2000
city,124,622.1865183381143,622.1784392088164,548.1229944301416,707.918351983498,23.48488816624686,583.1725460075666,660.6374409934838,5.017633212404148,5.017568058135616,4.420346729275336,5.709018967608855,0.18939425940521665,4.703004403286826,5.327721298334547,2000
city,125,626.2245768678847,626.6643182691859,540.9794306723186,704.8005156999571,23.05671956780286,588.1996213596169,664.5443607727512,5.0097966149430775,5.013314546153486,4.327835445378549,5.638404125599657,0.1844537565424229,4.705596970876934,5.316354886182011,2000
city,126,631.0817010635202,631.2538966750401,560.6351960253933,699.9209918616971,22.901258393269366,591.4674583608615,668.6471556325808,5.008584929075557,5.0099515609130165,4.449485682741217,5.554928506838865,0.1817560189942013,4.694186177467154,5.306723457401436,2000
city,127,636.0723976910122,636.293430049428,551.9721776117922,706.2621557343195,22.28317944256554,600.1585071717842,672.6631288903278,5.008444076307182,5.010184488578172,4.346237618990489,5.561119336490705,0.17545810584697275,4.725657536785703,5.296560070002581,2000
city,128,642.6233413781742,642.5289821026306,565.7124364681201,711.7784459610237,23.043626802950545,604.0833401925354,680.6471085117699,5.020494854516986,5.019757672676802,4.4196284099071885,5.560769109070498,0.18002833439805113,4.719401095254183,5.317555535248203,2000
city,129,646.0436459237333,646.0995676983646,568.4684094400764,712.6766048368571,22.60656472694759,609.0014473516654,682.8143043917534,5.008090278478552,5.008523780607478,4.4067318561246225,5.524624843696567,0.17524468780579527,4.720941452338492,5.2931341425717315,2000
city,130,651.1628441394034,650.5400614957586,568.6923927563053,734.9777605892414,23.106646355668403,614.3367856097997,689.903486437829,5.008944954918488,5.004154319198143,4.374556867356194,5.653675081455702,0.17774343350514155,4.725667581613844,5.306949895675607,2000
city,131,656.1346300887245,656.5808690058634,583.5558276938858,738.4770248748724,22.97063398038406,618.7180123102197,693.6430840228879,5.008661298387211,5.012067702334836,4.454624638884624,5.63722919751811,0.17534835099529816,4.723038261910074,5.294985374220519,2000
city,132,660.4876943113902,661.0790387519131,587.2505169265341,730.8790483419527,22.374500501399545,623.689381599876,696.788024485902,5.0036946538741685,5.008174535999342,4.448867552473743,5.536962487439036,0.1695037916772693,4.724919557574818,5.278697155196228,2000
city,133,666.327989777392,666.6321919559814,591.9494974861773,745.3238312241924,22.6631839536446,628.4098897195014,702.0740271809987,5.0099848855443,5.012272119969785,4.450748101399829,5.6039385806330255,0.1703998793507113,4.724886388868432,5.278752084067659,2000
city,134,672.0678924265083,672.1773536600355,594.1584332302416,742.7495506236446,23.35773234799029,632.302825382737,711.4400650493037,5.015432033033643,5.016248907910713,4.434018158434639,5.542907094206303,0.17431143543276337,4.718677801363709,5.309254216785848,2000
city,135,677.623458055115,678.0299455709677,602.0123017776539,753.8625122681665,22.244031081300236,642.1888447336657,713.2975175037451,5.019433022630481,5.022444041266427,4.459350383538177,5.584166757541974,0.16477060060222395,4.756954405434561,5.283685314842557,2000
city,136,682.2594884339875,682.3146996052243,603.7883855417952,759.0790243645981,23.02102859396713,643.5634199863443,719.8987940098539,5.016613885544026,5.017019850038414,4.4396204819249645,5.581463414445574,0.1692722690732877,4.732083970487826,5.293373485366573,2000
city,137,686.3092587462634,686.9908794575065,608.757197863642,763.191841654093,22.113870260231415,650.5625627902571,722.8194615910878,5.0095566331844035,5.014531966843113,4.443483196084978,5.5707433697379045,0.16141511138855047,4.7486318451843585,5.276054464168524,2000
city,138,691.547371320366,692.0505575753249,604.0346250428045,761.2796661700932,22.785565401309025,653.8764941494534,728.5201269682824,5.011212835654826,5.014859112864674,4.377062500310177,5.516519320073138,0.1651127927631089,4.738235464851112,5.279131354842626,2000
city,139,695.8119121954057,695.5411082200236,600.4548424548025,765.6987758177,21.861211090908583,660.513705062967,731.072328640384,5.005841094930976,5.003892864892256,4.319819010466205,5.508624286458273,0.1572748999345941,4.751897158726382,5.259513155686216,2000
city,140,701.82684459908,702.3116259886484,631.8631883406515,775.7556507391129,22.145706067752407,666.4783223519602,737.3077824218673,5.013048889993428,5.0165116142046315,4.513308488147511,5.541111790993663,0.15818361476966006,4.760559445371145,5.266484160156195,2000
city,141,708.0687554872729,707.5186575986149,640.8229636633432,785.7203308632561,22.701009787016034,670.6391036726131,745.9139499983231,5.021764223313993,5.017862819848332,4.54484371392442,5.572484616051462,0.16100006941146125,4.7563056998057665,5.290169858144135,2000
city,142,711.6617807885755,712.0269476935147,635.2071439199467,797.8946187081415,22.528874919126793,675.2025483404412,747.2535980735273,5.011702681609686,5.014274279531794,4.4732897459151175,5.618976188085504,0.158654048726245,4.754947523524234,5.262349282207939,2000
city,143,717.0483556770293,717.0808777336714,629.9571524704238,790.5311951643042,22.48650634246154,680.5132694913325,753.737354202946,5.014324165573633,5.014551592543157,4.405294772520446,5.528190175974156,0.15724829610112964,4.7588340523869395,5.270890588831789,2000
city,144,721.497117545693,721.4592036414117,654.9471993010056,786.5576236858519,22.298409405665137,685.3448350388976,759.0854413723314,5.010396649622868,5.010133358620914,4.5482444395903165,5.462205720040639,0.154850065317119,4.759339132214567,5.271426676196746,2000
city,145,726.6554510191444,726.1669471928612,646.0559089150197,804.4400234149373,22.01663787576624,691.8618542640149,762.5304048348654,5.011416903580306,5.008047911674906,4.455557992517377,5.547862230447843,0.15183888190183614,4.771461063889758,5.258830378171486,2000
city,146,731.9204638468851,731.1629471457086,657.7378741043954,798.2349349948074,21.190907217086014,696.0658945802852,766.1075519208009,5.013153861964966,5.007965391408963,4.505053932221886,5.467362568457585,0.14514320011702747,4.767574620412912,5.247311999457541,2000
city,147,737.5937422729488,737.7037823677972,663.3291480702513,816.0638160791832,22.31251773893988,699.5142189644046,775.7758468526754,5.017644505258155,5.018393077331954,4.51244318415137,5.551454531150906,0.1517858349587747,4.758600129009555,5.277386713283507,2000
city,148,742.0775621779968,742.0930087738421,668.747827233726,813.0677586923802,22.317791868897825,706.338940882212,778.5597240404302,5.014037582283762,5.01414195117461,4.518566400227878,5.493701072245812,0.1507958910060664,4.772560411366298,5.260538675948853,2000
city,149,746.3532344173415,746.5347603922578,678.4755108317979,825.5552682787265,21.9129472915843,708.8921427360194,782.2383154832778,5.009082110183499,5.010300405317167,4.553526918334215,5.540639384420984,0.14706676034620336,4.757665387490063,5.249921580424684,2000
city,150,751.3334159925222,750.9353455517955,685.8526268722525,825.6658124371847,22.158067661418162,714.9202744225753,788.4050401855056,5.008889439950147,5.0062356370119705,4.572350845815016,5.504438749581231,0.14772045107612108,4.766135162817168,5.256033601236704,2000
city,151,756.4984935671077,756.6795058488133,685.5404321239007,827.5795705560616,22.10444445517092,720.582956506439,793.3849949419605,5.009923798457667,5.011122555290154,4.540002861747687,5.480659407656037,0.14638704937199284,4.772072559645291,5.254205264516296,2000
city,152,762.1746001665708,762.6464067108689,692.0175756380222,832.7086008410104,21.587838404647997,724.8089441153268,796.8303172924307,5.01430658004323,5.017410570466242,4.552747208144883,5.478346058164542,0.14202525266215787,4.768479895495571,5.24230471902915,2000
city,153,766.7026501864644,766.654177117047,699.9384264803799,834.8194378433014,21.838678295102117,730.794312241907,803.1860575665991,5.0111284325912715,5.010811615144098,4.574760957388104,5.4563361950542575,0.14273645944511187,4.7764334133457975,5.249582075598687,2000
city,154,772.1062082656315,772.1823863067382,707.770588721551,838.9064953433691,21.589907872658834,736.4263611193649,807.5406859688121,5.013676677049555,5.014171339654144,4.5959129137763055,5.447444774956942,0.1401942069653171,4.781989357917953,5.243770688109169,2000
city,155,776.9083199698537,777.4722052530799,698.5940816529042,838.4368577838934,21.71545157575258,740.8156669165868,812.85570398723,5.01231174174099,5.015949711310193,4.507058591309059,5.409270050218667,0.14009968758550054,4.779455915590883,5.2442303483047095,2000
city,156,781.4131713379924,781.2926837966877,696.4535181851916,854.0836373080738,21.695132845950926,746.1874142485456,817.3661858570835,5.009058790628156,5.008286434594151,4.464445629392253,5.474895110949191,0.13907136439712134,4.783252655439394,5.2395268324172015,2000
city,157,786.9511022213884,787.6596146422811,704.5606835242991,854.0389065805036,21.401166746506632,752.1070202068978,821.7112703160855,5.012427402684003,5.016940220651472,4.487647665759867,5.439738258474545,0.13631316399048812,4.7904905745662285,5.2338297472362125,2000
city,158,791.8834674768526,791.6535690181852,732.6717165585155,854.411759203989,20.83208383630695,757.6272712449876,826.6914375346382,5.011920680233245,5.010465626697375,4.637162763028579,5.407669362050564,0.13184863187536044,4.795109311677137,5.232224288193913,2000
city,159,797.2845228777024,797.322847022133,722.5620891081493,869.2126452633131,22.53392063054922,759.1838693337671,834.2941689019246,5.014368068413223,5.014609100768133,4.544415654768234,5.4667461966246105,0.14172277126131583,4.7747413165645725,5.247133137747954,2000
city,160,802.608807226401,802.6363324704189,736.8603926274443,885.9546528927303,21.947143856402214,766.3113044107623,837.9165936851375,5.016305045165007,5.016477077940118,4.605377453921527,5.537216580579565,0.13716964910251384,4.789445652567265,5.236978710532109,2000
city,161,807.2977587200149,807.9249693338127,729.2345904615152,874.9994719548083,21.044096422971656,773.3231528607703,841.5666665229703,5.014271793292019,5.018167511390141,4.529407394170901,5.434779328911853,0.13070867343460654,4.803249396650747,5.2271221523165865,2000
city,162,812.2408724889391,812.590059824697,713.4143560657374,873.4333738697287,21.105578605764002,776.3768456640308,846.6291005326569,5.013832546228019,5.015988023609241,4.403792321393441,5.391564036232893,0.1302813494182963,4.792449664592783,5.226105558843561,2000
city,163,816.4332267022389,816.6656565838189,748.3296690526722,883.4600907154776,21.21482199177642,780.8670711088787,850.0988996992991,5.008792801854226,5.010218752047968,4.59097956474032,5.420000556536673,0.13015228215813754,4.790595528275329,5.2153306730018345,2000
city,164,822.3884337844208,822.4633007328315,751.0747976770019,893.4506405748997,21.03852652520262,788.7159215264933,857.3199216520984,5.014563620636713,5.015020126419705,4.57972437607928,5.447869759603047,0.1282836983244062,4.809243423942032,5.227560497878649,2000
city,165,827.433300578616,827.5009448519866,751.1727938498925,901.0372409546453,20.74711015384527,793.4369778959518,860.9882891563914,5.014747276234036,5.0151572415271914,4.552562386969045,5.460831763361487,0.1257400615384562,4.808708956945162,5.218110843372068,2000
city,166,832.3515546444987,832.9291999983415,758.2749096582992,896.6854368014053,20.91868237094239,797.5700473990729,865.3414918333173,5.01416599183433,5.017645783122539,4.567921142519874,5.401719498803646,0.12601615886109874,4.8046388397534505,5.212900553212755,2000
city,167,837.2695759231457,837.4223105382433,773.9691431427018,900.1867862725744,20.65398118553692,803.605841771145,870.3742110482196,5.013590274988895,5.014504853522416,4.634545767321567,5.390340037560326,0.12367653404513126,4.8120110285697315,5.211821623043232,2000
city,168,842.1257414389023,842.2644084839708,780.65971887389,915.193855341732,20.597811181751563,807.6304241104975,874.8293258709663,5.012653222850609,5.013478621928398,4.646784040916012,5.447582472272215,0.12260601893899739,4.807323953038676,5.2073174158986095,2000
city,169,847.1373537394494,847.2459530577455,774.3558056739405,908.0943084437881,20.781986543729808,812.848042479295,880.7993561228287,5.012647063547038,5.013289663063583,4.581987015822133,5.373339103217681,0.12297033457828288,4.809751730646716,5.211830509602537,2000
city,170,852.5065569575697,852.5674094017538,781.0598854646189,912.5792811785011,20.8337973637816,818.4332476548648,886.6686232970745,5.014744452691586,5.01510240824561,4.5944699144977585,5.368113418697066,0.12255174919871528,4.814313221499204,5.215697784100438,2000
city,171,857.2818184957299,858.0217536623886,791.347038069893,933.235822936779,20.590910494220985,823.1120556772056,891.2102613771358,5.013343967811286,5.017671074049057,4.6277604565490815,5.457519432378825,0.1204146812527543,4.81352079343395,5.211755914486174,2000
city,172,862.6578184375312,863.1744455166469,792.4483873906759,930.4127342005534,19.977741797885695,829.7564477242278,894.6389897055282,5.015452432776344,5.018456078585157,4.607258066224859,5.409376361631124,0.1161496616156145,4.824165393745511,5.2013894750321406,2000
city,173,867.8325111897278,868.1458969894722,792.6240645972155,935.4603803978213,20.567343063058075,832.3535098993959,900.9318665286343,5.0163728970504495,5.018184375661689,4.581641991891419,5.407285435825557,0.11888637608704089,4.811291964736394,5.2076986504545335,2000
city,174,871.7248442250643,871.692093614554,809.6344049798689,944.3369452420336,20.225133039902445,838.3921322732247,904.2449002371611,5.009912897845197,5.009724675945712,4.653071292987752,5.4272238232300785,0.11623639678104854,4.818345587777153,5.1968097714779375,2000
city,175,877.6362202733036,877.6164358782969,808.5898917777355,939.3386589581596,19.93944448021876,843.8143008993404,909.7781597715367,5.015064115847449,5.014951062161697,4.620513667301346,5.367649479760912,0.1139396827441072,4.821796005139088,5.198732341551638,2000
city,176,882.5400611744737,882.7840304144995,805.2670487238659,947.0656566667035,19.897820048167862,849.8545781554535,914.9212979910997,5.014432165764055,5.015818354627838,4.575380958658329,5.381054867424452,0.11305579572822648,4.828719194065076,5.1984164658585215,2000
city,177,886.6885647692901,886.7989220286828,821.288485905081,949.4732055410303,19.786188848601736,853.8156207195187,919.3081926691442,5.009539913950792,5.010163401291993,4.640047942966559,5.364255398536894,0.111786377675716,4.82381706621197,5.193831597000814,2000
city,178,893.00531622242,893.1105993599282,829.8795067640747,960.5707158857457,19.76914144029705,861.1536461713197,925.4626414302055,5.01688379900236,5.017475277302967,4.662244420022891,5.396464695987335,0.11106259236121939,4.8379418324231445,5.199228322641604,2000
city,179,896.8752127500626,898.2568112676563,819.2789279777126,964.9196451794917,20.59246470813906,860.6306986652061,927.8763137476477,5.010476048883031,5.018194476355622,4.576977251272138,5.390612542902188,0.11504170228010646,4.807992729973218,5.1836665572494285,2000
city,180,902.815454547464,903.1390300103672,832.6807360431412,967.207608290678,19.268058429363645,870.2308194417432,933.4441487013021,5.015641414152578,5.017439055613151,4.626004089128562,5.373375601614877,0.10704476905202023,4.8346156635652395,5.185800826118345,2000
city,181,907.7423388846472,908.4244247618747,832.1206325015428,976.9692317011322,20.02566618618589,873.7994929770055,940.2289761335379,5.015151043561588,5.018919473822512,4.597351560782005,5.397620064647139,0.11063903970268449,4.8276215081602505,5.194635227257115,2000
city,182,912.0036520967357,913.0001310191814,846.1911972800872,969.0292535501867,20.152856180468362,878.7875531628613,944.7285398050618,5.011009077454592,5.016484236369129,4.649402182857622,5.324336557968059,0.11072997901356242,4.828503039356381,5.190816152775065,2000
city,183,917.3888732460485,918.1463516846495,850.7521849379943,979.6139368128684,19.613097548472215,883.8030173015983,948.2186829169442,5.0130539521642,5.017193178604641,4.648919043377019,5.353081621928243,0.10717539643973889,4.829524684708187,5.18152285746964,2000
city,184,922.9807311205655,923.3335571305054,858.1952864375949,982.1663930649066,18.81430005386772,891.7807809524751,954.0433234399195,5.016199625655246,5.018117158317963,4.664104817595624,5.337860831874493,0.10225163072754195,4.846634679089538,5.185018062173475,2000
city,185,926.7222648076745,927.1531482016239,847.2491908003985,982.0503216648287,18.487390763842946,895.778502379956,956.1511622711963,5.009309539500944,5.011638638927697,4.57972535567783,5.308380117107182,0.09993184196671864,4.842045958810573,5.168384660925385,2000
city,186,932.301763213954,932.9689682087578,859.584830042884,994.206015359912,19.16584883188597,899.3941554794978,962.7108110279733,5.012375071042764,5.015962194670741,4.62142381743486,5.345193630967269,0.10304219802089233,4.835452448814505,5.175864575419211,2000
city,187,937.5313139757707,937.6029667277941,872.9588778446061,1000.4647411375329,18.587379708713872,906.5692826178897,967.9354141166478,5.013536438373107,5.0139196081700215,4.668229293286664,5.3500788296124755,0.09939775245301537,4.847964078170532,5.1761252091799355,2000
city,188,942.3286230906915,943.30134893121,872.6410138694778,999.6165225052796,19.215493049255482,908.6972954843093,972.3664417665176,5.012386293035593,5.017560366655372,4.641707520582329,5.317109162262126,0.1022100694109334,4.833496252576113,5.172161924289987,2000
city,189,948.1626493747603,948.6471632803535,876.0339339429459,1007.2737761094475,18.2280139357045,917.6734556205291,977.1626410235053,5.016733594575451,5.019297160213511,4.635100179592306,5.329490878885966,0.09644451817833069,4.855415109103328,5.1701727038280705,2000
city,190,951.8407300563973,952.2221787794127,890.3106455143399,1010.179742081334,18.829153961456797,919.4236025664949,982.868201401491,5.009688052928406,5.011695677786383,4.685845502707052,5.3167354846386,0.09910081032345684,4.839071592455236,5.172990533692058,2000
city,191,957.1847050773196,957.5547145988523,887.9511119409266,1015.4656062226763,18.09177924425671,927.2114374590958,986.3012026162804,5.011438246478112,5.01337546910394,4.648958701261396,5.316573854568986,0.09472135729977335,4.8545101437649,5.163880641970054,2000
city,192,962.1047033788124,962.7558905322654,896.9945081759577,1011.6996254682974,18.005490756403486,930.9081375940624,991.0680529665387,5.010961996764648,5.0143535965222155,4.671846396749779,5.269268882647382,0.09377859768960149,4.848479883302408,5.161812775867389,2000
city,193,967.9463016480887,968.0089931157966,896.9921722570666,1029.9340449975325,18.492107236464424,936.2247747552904,997.7488825275674,5.015265811648129,5.015590637905682,4.6476278355288425,5.336445829002759,0.09581402713194001,4.850905568680261,5.169683329158381,2000
city,194,972.123262480961,972.5206888389214,907.6705413174659,1024.1452209094227,17.889524701836613,942.4063215429286,1000.6929569080952,5.010944651963717,5.012993241437739,4.678714130502401,5.279099076852694,0.09221404485482793,4.857764544035715,5.158211118082965,2000
city,195,977.8844421608376,978.3199753045783,901.6514931719864,1033.6069924441904,17.669365083589483,947.17871446407,1005.991673812793,5.014792011081219,5.017025514382453,4.623853811138392,5.300548679200976,0.09061212863379221,4.857326740841385,5.158931660578426,2000
city,196,983.0607542251278,983.1815654207221,921.8132625706999,1043.6635945873568,17.682373225724366,953.3240345112242,1011.0135713070993,5.015616092985346,5.016232476636337,4.703128890666836,5.324814258098759,0.09021618992716511,4.863898135261348,5.158232506668873,2000
city,197,988.0528802749812,988.7079256155328,925.4103901760568,1038.5305113564514,17.30674097339369,959.541560284942,1015.343871830671,5.015496854187722,5.018821957439252,4.697514670944451,5.2717284840429,0.087851477022303,4.870769341547929,5.1540298062470615,2000
city,198,992.4488047544503,992.7033929515829,927.763071549598,1047.8006771271685,17.546615489764466,962.85052621868,1020.1819511850041,5.012367700780053,5.01365349975547,4.685672078533323,5.291922611753376,0.08861927015032557,4.862881445548889,5.15243409689396,2000
city,199,997.427515162148,998.055253605303,942.6288712262945,1051.2767073032815,17.425524851228467,968.3563320603829,1024.9779482303416,5.012198568654009,5.015353033192477,4.736828498624595,5.282797524137092,0.0875654515137109,4.86611222140896,5.150642955931365,2000
city,200,1002.8367474320046,1003.6298918657016,929.0757084283455,1051.3497118377722,17.040172691794936,974.4455561838993,1029.8331824231398,5.014183737160022,5.018149459328508,4.645378542141727,5.256748559188861,0.08520086345897468,4.872227780919497,5.149165912115699,2000
city,201,1007.2872681963496,1008.0254200047312,946.0647755520716,1054.5887801367578,16.934390218032103,978.3562039864972,1034.71937984636,5.011379443762933,5.015051840819559,4.706789928119759,5.246710348939094,0.08425069760214979,4.8674438009278465,5.14785761117592,2000
city,202,1011.4978673473066,1011.408212838474,946.2121026929273,1062.1433033487888,16.51751732398714,984.114706185693,1038.7284706151258,5.007415184887655,5.0069713506855145,4.684218330163006,5.258135165093014,0.08176988774251061,4.871854981117292,5.1422201515600285,2000
city,203,1017.8465357363744,1018.5767504491694,962.4910804061401,1057.95601943876,16.27102191406765,989.4872907614099,1043.1929142505508,5.014022343528938,5.017619460340736,4.741335371458818,5.211606007087488,0.08015281731067807,4.874321629366551,5.138881350987935,2000
city,204,1022.0851536347361,1022.6108286678642,967.2732197242913,1071.8037050859639,16.45155800133075,994.1363735463337,1048.3964888315968,5.010221341346745,5.012798179744433,4.74153539080535,5.253939730813548,0.08064489216338602,4.873217517383989,5.139198474664689,2000
city,205,1027.54475374313,1027.9365932176997,971.4990369163568,1075.0136176808805,15.958436242501026,1001.059180711847,1053.6716109905447,5.012413432893318,5.01432484496439,4.739019692274911,5.243968866736003,0.07784603045122451,4.883215515667547,5.139861517027048,2000
city,206,1032.5160313089575,1032.7914469802413,974.7959019290033,1077.9800669897293,16.235962086141583,1004.7030340864478,1058.5886051601344,5.012213744218241,5.0135507134963175,4.732018941402929,5.232912946552084,0.07881534993272613,4.877199194594406,5.138779636699681,2000
city,207,1038.2266044800378,1039.1987052279087,983.2167791135657,1078.9909671263883,15.460573343224137,1011.1420495064403,1062.5626538666234,5.015587461256222,5.0202836001348246,4.749839512625922,5.212516749402842,0.0746887601121939,4.884744200514204,5.133152917230064,2000
city,208,1043.3568908665588,1043.620157060665,982.4124979903352,1088.390696355409,15.426594671324606,1017.0120916315808,1068.4310577340307,5.0161388983969175,5.017404601253197,4.723137009568919,5.2326475786317745,0.07416632053521445,4.889481209767215,5.136687777567455,2000
city,209,1047.8613260920283,1048.296732379879,998.511653962622,1095.0082487618301,15.436952430383524,1021.7363370990558,1072.0828265686587,5.01369055546425,5.015773839138177,4.777567722309196,5.239273917520719,0.0738610164133183,4.888690608129454,5.129582902242386,2000
city,210,1052.6974197059278,1052.7278020298563,1002.1112914906855,1095.6192037313608,14.44855227458039,1028.6693485107917,1075.6686969469865,5.012844855742513,5.012989533475507,4.771958530908027,5.2172343034826705,0.06880262987895423,4.898425469099008,5.1222318902237465,2000
city,211,1057.8301205872401,1058.2998592768035,994.4528079323968,1102.1574965007994,15.006034158259038,1032.0460639806818,1080.9351988709782,5.01341289377839,5.01563914349196,4.713046483091928,5.2234952440796185,0.07111864529980585,4.89121357336816,5.122915634459613,2000
city,212,1063.1399011086883,1063.670266074581,1008.0434899849413,1106.7102012855635,14.69666526757094,1037.101711116522,1086.678457287639,5.014810854286265,5.017312575823494,4.754922122570478,5.22033113813945,0.06932389277156105,4.891989203379821,5.125841779658675,2000
city,213,1067.4114725930312,1067.9771993170343,1010.8750399619994,1111.7248271063895,14.704751714396144,1042.8221635035407,1090.912334210066,5.011321467572916,5.013977461582321,4.745892206394363,5.219365385476007,0.06903639302533401,4.895878701894557,5.121654151220967,2000
city,214,1072.2361176473516,1072.76879732325,1018.8699841244903,1114.43966094704,13.961164597736996,1049.0815590910124,1094.1676248374667,5.010449147884819,5.0129383052488325,4.761074692170515,5.207661967042243,0.06523908690531306,4.902250276126226,5.112932826343302,2000
city,215,1078.5328321073437,1079.2276735578926,1024.6151110864698,1122.3525405748633,13.605157736314686,1054.8722709167573,1099.4810378784518,5.016431777243458,5.019663597943685,4.765651679471953,5.220244374766806,0.06327980342471948,4.9063826554267775,5.113865292457915,2000
city,216,1082.8775271326429,1083.4673319334752,1025.6139265877248,1123.0390614216576,13.727202248167627,1060.091936208772,1104.1826366110529,5.0133218848733465,5.016052462654978,4.748212623091319,5.199254913989155,0.0635518622600353,4.907833038003575,5.111956650977097,2000
city,217,1088.2461420600525,1089.0362393076468,1021.7054498423993,1131.314658547722,13.224074179922871,1065.2894773200542,1108.7289279174206,5.0149591800002415,5.018600181141229,4.708320045356679,5.213431606210701,0.06094043400886115,4.909168098249098,5.109349898236961,2000
city,218,1093.5001087439916,1094.0987997222574,1048.0407071588274,1134.2401893946467,13.335495106746466,1070.5225361853657,1115.2123389548071,5.016055544697209,5.018801833588336,4.807526179627649,5.202936648599296,0.06117199590250672,4.9106538357126865,5.115652930985354,2000
city,219,1098.2548204647326,1098.6122084134506,1043.758233113197,1132.1828738953425,12.823023935568784,1075.6317584212923,1117.7318600694298,5.014862193902889,5.016494102344524,4.766019329284005,5.1697848123075,0.05855262071035974,4.911560540736494,5.103798447805616,2000
city,220,1102.9076965933516,1103.1612065793774,1054.7250370461775,1139.9161306277497,12.44969843522846,1081.503809347363,1122.8307160201214,5.013216802697052,5.014369120815352,4.794204713846261,5.181436957398862,0.05658953834194755,4.915926406124377,5.103775981909643,2000
city,221,1107.9420592699494,1108.6509942192495,1056.5078575487094,1142.071251355676,12.597112330538305,1086.1657120597865,1127.6863891861008,5.013312485384386,5.016520335833707,4.780578540944386,5.167743218803963,0.057000508282978764,4.914776977646092,5.102653344733488,2000
city,222,1112.4942260397738,1113.452623951233,1062.1882735114275,1143.2587992296671,11.847006675088263,1091.2860154344894,1130.9028408052548,5.011235252431414,5.015552360140688,4.784631862664088,5.149814410944447,0.05336489493283001,4.91570277222743,5.09415694056421,2000
city,223,1118.0658324411088,1118.8853375074486,1075.938399911865,1151.01812488122,11.467447753977114,1098.1599474002633,1135.5022019071052,5.013748127538603,5.017423038149994,4.824835874044237,5.161516255072736,0.05142353252904535,4.924484069059477,5.091938125143969,2000
city,224,1122.7750327396454,1123.4846701574324,1079.8176856028726,1152.3191375657148,11.34461717030713,1102.8686767372676,1140.3284137784458,5.012388539016275,5.015556563202823,4.820614667869967,5.1442818641326555,0.05064561236744254,4.923520878291374,5.090751847225205,2000
city,225,1127.8852555682217,1128.5026080733376,1083.8702621569796,1156.7519131571535,11.166969835861664,1108.7080584268629,1145.215861164253,5.012823358080986,5.015567146992612,4.817201165142132,5.141119614031793,0.04963097704827407,4.9275913707860575,5.089848271841125,2000
city,226,1133.094583176303,1133.7815720059546,1083.0477172438177,1162.7156023966215,10.889257681709768,1114.5542217140335,1149.7404275483345,5.0136928459128445,5.016732619495374,4.792246536477069,5.144759302639918,0.04818255611376004,4.931655848292183,5.087347024550153,2000
city,227,1138.298388568346,1138.8173176534428,1092.8772585528086,1165.1021465705255,10.293175753357277,1120.868202777284,1154.3484555105158,5.014530346116061,5.016816377327942,4.814437262347174,5.132608575200553,0.045344386578666414,4.93774538668407,5.0852354868304666,2000
city,228,1142.9952797118199,1143.826188427345,1105.425698242428,1167.2390863306741,9.820963698114484,1125.7295029343481,1158.167462458026,5.01313719171851,5.016781528190109,4.848358325624685,5.119469676888921,0.04307440218471266,4.937410100589246,5.079681852886079,2000
city,229,1148.160878996091,1148.7566061953112,1103.6144063461484,1172.1056726383804,9.533809135556744,1131.1628236518452,1162.191778632449,5.013802965048433,5.0164043938659875,4.8192768836076345,5.118365382700351,0.04163235430374124,4.939575649134695,5.075073269137333,2000
city,230,1153.438856706313,1154.3108199573694,1115.4959557644856,1176.833481493159,9.296743641396452,1136.7922239944908,1167.3841847313079,5.014951550897012,5.018742695466823,4.849982416367329,5.116667310839822,0.04042062452781066,4.942574886932568,5.075583411875252,2000
city,231,1158.0525138409128,1158.783003570025,1121.4945766868586,1180.7473913666222,8.58793954946404,1143.1839787212346,1171.09442164947,5.013214345631657,5.016376638831277,4.854954877432289,5.1114605686866765,0.03717722748685732,4.948848392732617,5.069672820993376,2000
city,232,1162.81015375201,1163.3255618742521,1126.6650433417456,1184.6531625805292,8.107180472312914,1148.6137275181866,1175.0680817690497,5.012112731689698,5.014334318423501,4.856314841990282,5.1062636318126255,0.03494474341514187,4.950921239302528,5.06494862831487,2000
city,233,1168.0240675379691,1168.6293091874415,1139.8935442017287,1187.2270913445702,7.38957204252568,1154.9101115802985,1179.2105452651094,5.01297883063506,5.015576434280865,4.89224697082287,5.09539524182219,0.0317149014700673,4.956695757855358,5.060989464657122,2000
city,234,1173.0668999865507,1173.6483343088707,1146.0072535080103,1190.3135917144377,6.9890825237773155,1160.4424002434864,1183.2319603548183,5.013106410198934,5.015591172260131,4.897466895333378,5.086810221001871,0.029867874033236392,4.959155556596095,5.056546839123155,2000
city,235,1178.0825829676346,1178.892183092738,1150.2523036325142,1192.2679537451506,6.419437075626252,1166.8302440959787,1187.2219526487038,5.013117374330359,5.016562481245693,4.894690653755379,5.073480654234683,0.027316753513303205,4.965235081259484,5.052008309143421,2000
city,236,1183.3175561413768,1183.8789162488763,1156.6254057291496,1195.7089705192182,5.594925715383271,1173.0590898725638,1191.1490534928596,5.0140574412770205,5.016436085800323,4.900955109021821,5.0665634344034665,0.023707312353318938,4.970589363866796,5.0472417520883885,2000
city,237,1188.1645027635482,1189.0319377720516,1169.9444294572143,1198.4438053779668,5.013359974216262,1178.628902047454,1194.7301284835225,5.0133523323356455,5.0170123956626655,4.936474385895419,5.056724917206611,0.02115341761272685,4.973117730158034,5.041055394445244,2000
city,238,1193.0746610206152,1193.956839117538,1174.8051193004414,1200.2965923489023,4.086910728951254,1185.1100666113325,1198.084378599802,5.012918743784097,5.0166253744434375,4.936155963447233,5.043262993062615,0.017171893819122923,4.979454061392154,5.033967977310092,2000
city,239,1198.0991962469689,1199.062607882384,1186.5618522118043,1202.4137355321157,2.9668273264817926,1191.7942441298062,1201.3952840851805,5.012967348313675,5.016998359340519,4.964693942308805,5.0310198139419064,0.01241350345808283,4.986586795522202,5.026758510816655,2000
city,240,1203.168493782159,1203.168493782159,1203.1684937821587,1203.1684937821592,1.4700371935072884e-13,1203.1684937821587,1203.1684937821592,5.013202057425662,5.013202057425662,5.013202057425661,5.013202057425663,5.742332787137845e-16,5.013202057425661,5.013202057425663,2000
